image_name,category,num_detections,max_confidence,failure_reason_memo,bbox_info
image1235.jpg,easy_success,3,0.8700,max_conf=0.870 >= 0.7,"[28, 49, 398, 1011],conf=0.870;[298, 21, 547, 1001],conf=0.842;[635, 194, 755, 846],conf=0.786"
image150.jpg,easy_success,2,0.8674,max_conf=0.867 >= 0.7,"[370, 221, 547, 531],conf=0.867;[220, 209, 455, 528],conf=0.867"
image231.jpg,hard_success,1,0.4817,"max_conf=0.482, 낮은 confidence로 검출","[3, 1, 631, 632],conf=0.482"
image257.jpg,easy_success,1,0.8994,max_conf=0.899 >= 0.7,"[222, 137, 452, 526],conf=0.899"
image381.jpg,easy_success,1,0.8479,max_conf=0.848 >= 0.7,"[190, 80, 569, 577],conf=0.848"
image460.jpg,easy_success,1,0.9002,max_conf=0.900 >= 0.7,"[199, 58, 444, 637],conf=0.900"
image616.jpg,easy_success,2,0.8970,max_conf=0.897 >= 0.7,"[311, 129, 552, 638],conf=0.897;[88, 248, 168, 638],conf=0.855"
image922.jpg,easy_success,1,0.9117,max_conf=0.912 >= 0.7,"[258, 52, 449, 371],conf=0.912"
image1024.jpeg,small_object,3,0.8649,최소 bbox 면적 비율 0.0115 < 0.02,"[77, 169, 289, 514],conf=0.865;[397, 209, 617, 514],conf=0.828;[0, 280, 36, 411],conf=0.273"
image1060.jpeg,easy_success,2,0.9295,max_conf=0.929 >= 0.7,"[403, 152, 578, 555],conf=0.929;[293, 129, 418, 557],conf=0.875"
image1070.jpg,easy_success,1,0.8961,max_conf=0.896 >= 0.7,"[172, 25, 459, 548],conf=0.896"
image1181.jpg,easy_success,10,0.8626,max_conf=0.863 >= 0.7,"[363, 311, 587, 767],conf=0.863;[57, 153, 282, 722],conf=0.830;[729, 169, 969, 767],conf=0.793;[935, 169, 1023, 625],conf=0.736;[584, 279, 692, 662],conf=0.735;[285, 280, 395, 614],conf=0.685;[0, 147, 84, 590],conf=0.577;[372, 234, 467, 614],conf=0.567;[680, 269, 753, 663],conf=0.423;[491, 228, 593, 631],conf=0.265"
image1219.jpg,easy_success,1,0.9492,max_conf=0.949 >= 0.7,"[176, 156, 780, 676],conf=0.949"
image1227.jpg,easy_success,1,0.9018,max_conf=0.902 >= 0.7,"[705, 98, 956, 831],conf=0.902"
image1232.jpg,easy_success,1,0.8810,max_conf=0.881 >= 0.7,"[85, 77, 660, 958],conf=0.881"
image1240.jpg,easy_success,1,0.9162,max_conf=0.916 >= 0.7,"[93, 2, 725, 671],conf=0.916"
image1260.jpg,easy_success,2,0.9136,max_conf=0.914 >= 0.7,"[555, 61, 874, 676],conf=0.914;[183, 39, 500, 667],conf=0.805"
image1287.jpg,easy_success,1,0.9345,max_conf=0.935 >= 0.7,"[78, 35, 664, 1021],conf=0.935"
image133.jpeg,easy_success,1,0.9171,max_conf=0.917 >= 0.7,"[275, 308, 364, 544],conf=0.917"
image1358.jpg,small_object,2,0.7536,최소 bbox 면적 비율 0.0126 < 0.02,"[3, 41, 484, 823],conf=0.754;[754, 138, 825, 324],conf=0.650"
image1363.jpg,hard_success,1,0.6170,"max_conf=0.617, 낮은 confidence로 검출","[35, 95, 801, 682],conf=0.617"
image1399.jpg,easy_success,1,0.8589,max_conf=0.859 >= 0.7,"[40, 13, 374, 391],conf=0.859"
image233.jpg,hard_success,1,0.3215,"max_conf=0.322, 낮은 confidence로 검출","[0, 66, 353, 634],conf=0.322"
image240.jpg,easy_success,1,0.8721,max_conf=0.872 >= 0.7,"[201, 12, 452, 523],conf=0.872"
image249.jpg,easy_success,1,0.8789,max_conf=0.879 >= 0.7,"[204, 141, 338, 342],conf=0.879"
image283.jpg,easy_success,1,0.8492,max_conf=0.849 >= 0.7,"[73, 34, 412, 597],conf=0.849"
image327.jpeg,easy_success,1,0.8683,max_conf=0.868 >= 0.7,"[275, 125, 422, 606],conf=0.868"
image332.jpg,easy_success,1,0.8912,max_conf=0.891 >= 0.7,"[117, 84, 355, 639],conf=0.891"
image429.jpg,easy_success,1,0.8269,max_conf=0.827 >= 0.7,"[267, 180, 398, 606],conf=0.827"
image435.jpg,easy_success,1,0.9137,max_conf=0.914 >= 0.7,"[86, 27, 383, 585],conf=0.914"
image436.jpg,easy_success,1,0.8224,max_conf=0.822 >= 0.7,"[178, 33, 376, 627],conf=0.822"
image504.jpg,easy_success,1,0.7745,max_conf=0.775 >= 0.7,"[201, 0, 525, 567],conf=0.775"
image528.jpg,hard_success,1,0.3778,"max_conf=0.378, 낮은 confidence로 검출","[160, 157, 470, 634],conf=0.378"
image642.jpeg,small_object,2,0.7071,최소 bbox 면적 비율 0.0074 < 0.02,"[312, 257, 346, 357],conf=0.707;[217, 300, 263, 366],conf=0.295"
image724.jpg,easy_success,1,0.9189,max_conf=0.919 >= 0.7,"[24, 89, 388, 594],conf=0.919"
image751.jpg,missed_detection,0,0.0000,사람 검출 없음 (헬멧 데이터셋이므로 사람 존재 가능성 높음),
image769.jpg,easy_success,1,0.8614,max_conf=0.861 >= 0.7,"[138, 163, 599, 359],conf=0.861"
image794.jpg,easy_success,2,0.7982,max_conf=0.798 >= 0.7,"[181, 160, 541, 445],conf=0.798;[566, 209, 639, 492],conf=0.356"
image858.jpeg,easy_success,4,0.8709,max_conf=0.871 >= 0.7,"[1, 160, 239, 528],conf=0.871;[0, 163, 72, 529],conf=0.553;[289, 135, 639, 525],conf=0.525;[431, 135, 639, 526],conf=0.516"
image861.jpg,easy_success,1,0.8472,max_conf=0.847 >= 0.7,"[233, 66, 429, 450],conf=0.847"
image887.jpg,easy_success,2,0.8868,max_conf=0.887 >= 0.7,"[260, 256, 416, 381],conf=0.887;[218, 256, 295, 382],conf=0.557"
image891.jpg,easy_success,1,0.9084,max_conf=0.908 >= 0.7,"[265, 64, 470, 490],conf=0.908"
image950.jpeg,easy_success,3,0.7998,max_conf=0.800 >= 0.7,"[328, 237, 459, 363],conf=0.800;[173, 217, 366, 529],conf=0.544;[174, 223, 363, 427],conf=0.484"
image975.jpg,easy_success,1,0.9141,max_conf=0.914 >= 0.7,"[249, 82, 417, 362],conf=0.914"
image1121.jpg,small_object,16,0.8084,최소 bbox 면적 비율 0.0146 < 0.02,"[316, 237, 425, 486],conf=0.808;[886, 264, 971, 485],conf=0.729;[416, 262, 484, 483],conf=0.690;[775, 272, 858, 487],conf=0.659;[636, 271, 796, 488],conf=0.626;[130, 250, 211, 481],conf=0.615;[566, 292, 676, 485],conf=0.603;[464, 258, 562, 470],conf=0.580;[186, 248, 307, 480],conf=0.511;[845, 272, 942, 486],conf=0.447;[507, 229, 577, 491],conf=0.397;[183, 249, 246, 471],conf=0.384;[292, 257, 349, 469],conf=0.356;[243, 249, 310, 479],conf=0.319;[840, 278, 918, 475],conf=0.301;[838, 278, 889, 478],conf=0.257"
image176.jpg,small_object,3,0.6662,최소 bbox 면적 비율 0.0148 < 0.02,"[130, 38, 345, 628],conf=0.666;[455, 158, 639, 635],conf=0.394;[0, 126, 28, 342],conf=0.289"
image212.jpg,small_object,3,0.4675,최소 bbox 면적 비율 0.0168 < 0.02,"[234, 294, 312, 489],conf=0.468;[316, 121, 630, 614],conf=0.408;[307, 313, 355, 456],conf=0.382"
image270.jpg,easy_success,1,0.9173,max_conf=0.917 >= 0.7,"[208, 0, 489, 581],conf=0.917"
image329.jpeg,easy_success,1,0.8448,max_conf=0.845 >= 0.7,"[71, 3, 591, 638],conf=0.845"
image573.jpg,hard_success,2,0.5098,"max_conf=0.510, 낮은 confidence로 검출","[8, 1, 638, 634],conf=0.510;[0, 4, 396, 632],conf=0.363"
